<?xml version="1.0" encoding="iso-8859-1"?>
<!DOCTYPE muclient>
<!-- Saved on Tuesday, September 20, 2016, 2:53 PM -->
<!-- MuClient version 5.01 -->

<muclient>
<plugin
   name="Hadars_Kill"
   author="Hadar"
   id="def114f15afbaa25a849fc4b"
   language="Lua"
   purpose="Change kill to something else"
   save_state="y"
   date_written="2016-09-20 14:51:44"
   requires="4.00"
   version="1.2"
   >
<description trim="y">
<![CDATA[
Can see all my help files with had help or just this one with killer help
]]>
</description>

</plugin>


<!--  Get our standard constants -->

<include name="constants.lua"/>

<!--  Triggers  -->
<triggers>
  <trigger
   match="^(\d+),(.*),(\d+),(\d+),(\d+),([+-]?[0-9,]+),(\d+)$"
   name="upattack"
   enabled="n"
   regexp="y"
   send_to="12"
   script="SlistUpdate"
   group="slistUpdate"
   sequence="100"
   omit_from_output="y"
  >
  </trigger>
  <trigger
	name="RecoveriesCapture"
	enabled="n"
	match="^[0-9]+,[^,]+,[0-9]+$"
	regexp="y"
	group="slistUpdate"
	omit_from_output="y"
	sequence="100"
	>
	</trigger>
  <trigger
   enabled="n"
   match="^\{spellheaders hadarkill\}$"
   regexp="y"
   send_to="12"
   sequence="100"
   group="slistUpdate"
   omit_from_output="y"
  >
  </trigger>
  <trigger
   enabled="n"
   group="slistUpdate"
   match="^\{\/spellheaders\}$"
   regexp="y"
   send_to="12"
   sequence="100"
   omit_from_output="y"
  >
  </trigger>
  <trigger
   enabled="n"
   group="slistUpdate"
   match="^\{\/recoveries\}$"
   regexp="y"
   send_to="12"
   script="SlistDone"
   sequence="100"
   omit_from_output="y"
  >
  </trigger>
  <trigger
   enabled="n"
   group="slistUpdate"
   match="^\{recoveries hadarkill\}$"
   regexp="y"
   send_to="12"
   sequence="100"
   omit_from_output="y"
  >
  </trigger>
</triggers>

<!--  Plugin help  -->

<aliases>
  <alias match="^(?:had|killer) help$"
	enabled="y"
	sequence="99"
	send_to="12"
	regexp="y"
	keep_evaluating="y"
	>
	<send>
		HadarHelp()
	</send>
	</alias>
  <alias
   match="^kill( (.*))?"
   enabled="y"
   regexp="y"
   send_to="12"
   sequence="100"
   script="Trogdor"
  >
  </alias>
    <alias
   match="^setkill( (.*))?"
   enabled="y"
   regexp="y"
   send_to="12"
   sequence="100"
   script="SetKill"
  >
  </alias>
</aliases>

<script>
<![CDATA[
require "serialize"

function ismember(set, key)
    return key[set] ~= nil
end

function SetKill(name, line, wildcards)
local v1 = Trim(string.lower(wildcards[1]))
	if v1=="update" then
		allskills={}
		allspells={}
		EnableTriggerGroup("slistUpdate",true)
		SendSpecial("slist hadarkill")
	else
	killspell = utils.inputbox ("Input name of skill/spell", "Attack", killspell, "Courier", 9)
	end -- ends update
end --end setkill
function OnPluginInstall ()
   	if GetVariable ("enabled") == "false" then
		ColourNote ("yellow", "", "Warning: Plugin " .. GetPluginName ().. " is currently disabled.")
		check (EnablePlugin(GetPluginID (), false))
		return
	end -- they didn't enable us last time
  
	OnPluginEnable ()
end --no more plugin install
function OnPluginEnable ()
	
	allskills = {}
	allspells = {}
	killspell = nil
	
	EnableTriggerGroup("slistUpdate",true)
	EnableTrigger("upattack",true)
	SendSpecial("slist hadarkill")
	
	
	if GetVariable ("pastfirstinstall") == "true" then
		assert (loadstring (GetVariable ("allskills") or "")) ()
		assert (loadstring (GetVariable ("allspells") or "")) ()
		killspell = GetVariable ("killspell")
	end
end
function OnPluginSaveState ()
	SetVariable ("allskills", serialize.save ("allskills"))
	SetVariable ("allspells", serialize.save ("allspells"))
	SetVariable ("killspell", killspell)
	SetVariable ("pastfirstinstall", "true")
end -- nomore savestate
function Trogdor(name, line, wildcards)
local v = Trim(wildcards[1])
	
	if v~=nil then
		killtarget=v
	else 
		killtarget=" "
	end
	
	if ismember(killspell,allspells) then
		Send("cast '"..killspell.."' "..killtarget)
	elseif ismember(killspell,allskills) then
		Send(killspell.." "..killtarget)
	else
		Send("kill "..killtarget)
	end
end
function SlistUpdate(name, line, wildcards)
	local sn = tonumber(wildcards[1])
	local nm = wildcards[2]
	local tg = tonumber(wildcards[3])
	local du = tonumber(wildcards[4])
	local pc = tonumber(wildcards[5])
	local rc = tonumber(wildcards[6])
	local ty = tonumber(wildcards[7])
	
		if tg==1 or tg==0 then
			if ty==2 then
				allskills[nm] = true
			end
			if ty==1 then
				allspells[nm] = true
			end
		end
		
		SaveState()
end--end update
function SlistDone()
	EnableTriggerGroup("slistUpdate",false)
	print("skills and spells updated")
end--no more slist parsing (hopefully)
function HadarHelp()
	ColourNote("#159FE5","","+---------------------------------------","Green","","[","Cyan","","K","Teal","","ill","Green","","]","#159FE5","","---------------------------------------+")
	ColourNote("#159FE5","","|"..string.format("%84s"," ").."|")
	ColourNote("#159FE5","","|","#E55B15","",string.format("%-19s"," Setkill <update>"),"#159FE5","","-","#F1D566","",string.format("%-64s"," If blank will update the spell used on 'kill'"),"#159FE5","","|")
	ColourNote("#159FE5","","|","#E55B15","",string.format("%-19s"," "),"#159FE5",""," ","#F1D566","",string.format("%-64s"," Updated used to update all skills/spells"),"#159FE5","","|")
	ColourNote("#159FE5","","|"..string.format("%84s"," ").."|")
	ColourNote("#159FE5","","|","#E55B15","",string.format("%-19s"," kill <name>"),"#159FE5","","-","#F1D566","",string.format("%-64s"," Will use the kill spell/skill (with optional name)"),"#159FE5","","|")
	ColourNote("#159FE5","","|"..string.format("%84s"," ").."|")
	ColourNote("#159FE5","","|","white","",string.format("%84s"," if any issues arise, please contact Hadar via a personal note!"),"#159FE5","","|")
	ColourNote("#159FE5","","+"..string.rep("-",84).."+")
end
]]>
</script> 

</muclient>